OrganizationIdentifier,OrganizationFormalName,MonitoringLocationIdentifier,Park,MonitoringLocationName,MonitoringLocationTypeName,MonitoringLocationDescriptionText,HUCEightDigitCode,DrainageAreaMeasure/MeasureValue,DrainageAreaMeasure/MeasureUnitCode,ContributingDrainageAreaMeasure/MeasureValue,ContributingDrainageAreaMeasure/MeasureUnitCode,LatitudeMeasure,LongitudeMeasure,SourceMapScaleNumeric,HorizontalAccuracyMeasure/MeasureValue,HorizontalAccuracyMeasure/MeasureUnitCode,HorizontalCollectionMethodName,HorizontalCoordinateReferenceSystemDatumName,VerticalMeasure/MeasureValue,VerticalMeasure/MeasureUnitCode,VerticalAccuracyMeasure/MeasureValue,VerticalAccuracyMeasure/MeasureUnitCode,VerticalCollectionMethodName,VerticalCoordinateReferenceSystemDatumName,CountryCode,StateCode,CountyCode,AquiferName,FormationTypeText,AquiferTypeName,ConstructionDateText,WellDepthMeasure/MeasureValue,WellDepthMeasure/MeasureUnitCode,WellHoleDepthMeasure/MeasureValue,WellHoleDepthMeasure/MeasureUnitCode,ProviderName
11NPSWRD_WQX,National Park Service Water Resources Division,11NPSWRD_WQX-INDU_01,INDU,Long Lake,Lake,"Station:  The water quality monitoring station is located in the middle of the western half of Long Lake.  A map with additional notes on Station Description is shown in Record #1 under the Pictures tab above.  Landmarks: 1. Wooden overlook (walkway platform) on hillside 283 deg., 2. Beige building on the eastern shore of the lake 70 deg.  Photographs of landmark locations are shown in Record # 2 under the Pictures tab above.  Benchmark:  A benchmark was established and used as a reference point by which to measure lake water level.  For this water quality monitoring station, a pre-existing USGS groundwater well (E-3) was used as a benchmark.  A map and photograph showing the benchmark location is shown in Record #'s 1 and 3 under the Pictures tab above.  Note that the GPS coordinates for the groundwater well shown in Record's 1 and 3 ARE NOT CORRECT.  Actual GPS coordinates of the benchmark are (UTM NAD 83 Zone 16N) 4607302.57 N, 482569.26 E.",4040001,,,,,41.61528,-87.21214,,,,GPS Code (Pseudo Range) Standard Position (SA Off),NAD83,,,,,,,US,18,127,,,,,,,,,STORET
11NPSWRD_WQX,National Park Service Water Resources Division,11NPSWRD_WQX-INDU_02,INDU,Lake George,Lake,"Station:  The water quality monitoring station is located in the western half of the lake near the electrical transmission lines and towers.  A map with additional notes on Station Description is shown in Record #1 under the Pictures tab above.  Landmarks: 1. Western transmission tower on north shore 300 deg., 2. Western transmission tower on south shore 221 deg.  A map and photographs of landmark locations are shown in Record #'s 1 and 2 under the Pictures tab above.  Benchmark:  A benchmark was NOT established for this Station due to the presence of a USGS staff gage on the Deep River at the outlet of Lake George (USGS Site Name: USGS 04093000 DEEP RIVER AT LAKE GEORGE OUTLET AT HOBART, IN; website: http://waterdata.usgs.gov/in/nwis/nwisman/?site_no=04093000&agency_cd=USGS)",4040001,,,,,41.52592,-87.27861,,,,GPS Code (Pseudo Range) Standard Position (SA Off),NAD83,,,,,,,US,18,89,,,,,,,,,STORET
11NPSWRD_WQX,National Park Service Water Resources Division,11NPSWRD_WQX-INDU_05,INDU,Middle Lagoon,Lake,"Station:  The water quality monitoring station is located in the middle of the western half of Middle Lagoon, near eastern border of Miller Woods and just south of the beach at Marquette Park.  Preliminary monitoring at this station was initiated in September, 2007.  A permanent marker was used to note the spot on the bridge railing from which height readings are collected, as measured from top of railing (benchmark) to the water's surface.  A map and photographs of the station are shown in Record #'s 1, 2, and 3 under the Pictures tab above.",4040001,,,,,41.61525602,-87.2727514,,,,GPS Code (Pseudo Range) Standard Position (SA Off),NAD83,,,,,,,US,18,89,,,,,,,,,STORET
11NPSWRD_WQX,National Park Service Water Resources Division,11NPSWRD_WQX-ISRO_01,ISRO,Lake Ahmik,Lake,"Station: Located in center of southwestern third of lake; southeast of canoe put-in approximately 2/3 of the way across the lake.  A map with additional notes on Station Description is shown in Record #1 under the Pictures tab above.    Landmarks: 1. Eastern point of rocky knob near grassy meadow is 31°  2. Small island in eastern-most part of lake is 52°  3. Point at west end of lake is 243°.  Images of landmarks are shown in Records #2 and 3 under the Pictures tab above.  Benchmark:  A benchmark was established and used as a reference point by which to measure lake water level. Images and description of the benchmark location,  including GPS coordinates (48.1487440, 88.5408535), are shown in Records #1, 4 and 5 under the Pictures tab above.",4020300,,,,,48.1478797,-88.5415881,,,,GPS Code (Pseudo Range) Standard Position (SA Off),NAD83,,,,,,,US,26,83,,,,,,,,,STORET
11NPSWRD_WQX,National Park Service Water Resources Division,11NPSWRD_WQX-ISRO_02,ISRO,Sargent Lake,Lake,"Location: Station is just northeast of the middle of the southwestern arm of lake.  A map with additional notes on Station Description is shown in Record #1 under the Pictures tab above.    Landmarks: 1. North point is 305°  2. Eastern point south of The Narrows is 60°  3. Southwestern point is 248°.  Images of landmarks are shown in Records #2 and 3 under the Pictures tab above.  A benchmark was established and used as a reference point by which to measure lake water level.  Images and description of the benchmark location,  including GPS coordinates (48.0945050, 88.654203), are shown in Records #1, 4 and 5 under the Pictures tab above.",4020300,,,,,48.0912831,-88.6617404,,,,GPS Code (Pseudo Range) Standard Position (SA Off),NAD83,,,,,,,US,26,83,,,,,,,,,STORET
11NPSWRD_WQX,National Park Service Water Resources Division,11NPSWRD_WQX-ISRO_03,ISRO,Lake Richie,Lake,"Location: Station is between Richie canoe campground and the southern arm of lake (outlet) and in-line with the southern shoreline of the main water body of lake.  A map with additional notes on Station Description is shown in Record #1 under the Pictures tab above.    Landmarks: 1. Rocky point at canoe campground is 20°  2. Rocky point on east side of southern arm of lake is 152°  3. Rocky shore (towards Intermediate Lake portage) is 266°.  Images of landmarks are shown in Records #2 and 3 under the Pictures tab above.  A benchmark was established and used as a reference point by which to measure lake water level.  Images and description of the benchmark location, including GPS coordinates (48.0521047, 88.6845202), are shown in Records #1, 4 and 5 under the Pictures tab above.",4020300,,,,,48.0410454,-88.7005398,,,,GPS Code (Pseudo Range) Standard Position (SA Off),NAD83,,,,,,,US,26,83,,,,,,,,,STORET
11NPSWRD_WQX,National Park Service Water Resources Division,11NPSWRD_WQX-ISRO_04,ISRO,Beaver Lake,Lake,"Location: Station is in the narrowest part in center of lake; just south of center between south and north shores on the western edge of the 'narrows'.  A map with additional notes on Station Description is shown in Record #1 under the Pictures tab above.     Landmarks:  1. Northeast end of lake is 60°  2. Large rock on south shore,  just west of narrows, is 184°  3. Point on west side of northwest bay is 276°.   Images of landmarks are shown in Records #2 and 3 under the Pictures tab above.  A benchmark was established and used as a reference point by which to measure lake water level.  Images and description of the benchmark location, including GPS coordinates (48.0793305, 88.7576077), are shown in Records #1, 4 and 5 under the Pictures tab above.",4020300,,,,,48.0799674,-88.7573479,,,,GPS Code (Pseudo Range) Standard Position (SA Off),NAD83,,,,,,,US,26,83,,,,,,,,,STORET
11NPSWRD_WQX,National Park Service Water Resources Division,11NPSWRD_WQX-ISRO_05,ISRO,Lake Harvey,Lake,"Location: Station is approximately just north of the center of the lake; approximately 20 m north of large northern island and approximately 60 m east of the west end of this large island.   A map with additional notes on Station Description is shown in Record #1 under the Pictures tab above.    Landmarks:  1. Eastern point is 79°  2. West end of large northern island is 217°  3. Stream mouth is 307°.  Images of landmarks are shown in Records #2 and 3 under the Pictures tab above.  A benchmark was established and used as a reference point by which to measure lake water level.  Images and description of the benchmark location, including GPS coordinates (48.0502666, 88.7991161), are shown in Records #1, 4 and 5 under the Pictures tab above.",4020300,,,,,48.0504249,-88.7961173,,,,GPS Code (Pseudo Range) Standard Position (SA Off),NAD83,,,,,,,US,26,83,,,,,,,,,STORET
11NPSWRD_WQX,National Park Service Water Resources Division,11NPSWRD_WQX-ISRO_06,ISRO,Lake George,Lake,"Location: Station is just NE of mid-point of lake, near the west side of the shallow cove ('sample bay') on south shore.   A map with additional notes on Station Description is shown in Record #1 under the Pictures tab above.    Landmarks:  1. Little bay to south-southwest is 246°  2. Near point to west, on north shore, is 260°  3. Near point to east, east side of 'sample bay' on south shore is 65°.  Images of landmarks are shown in Records #2 and 3 under the Pictures tab above.  A benchmark was established and used as a reference point by which to measure lake water level.  Images and description of the benchmark location, including GPS coordinates (48.0061097, 88.6892708), are shown in Records #1, 4 and 5 under the Pictures tab above.",4020300,,,,,48.0077949,-88.6852021,,,,GPS Code (Pseudo Range) Standard Position (SA Off),NAD83,,,,,,,US,26,83,,,,,,,,,STORET
11NPSWRD_WQX,National Park Service Water Resources Division,11NPSWRD_WQX-ISRO_07,ISRO,Siskiwit Lake,Lake,"Location: Station is located due north of west end of Eagle Nest Island and west-southwest of Ryan Island; approximately in the center of the Lake.    A map with additional notes on Station Description is shown in Record #1 under the Pictures tab above.    Landmarks: 1. Rocky opening near shore is 353°  2. West end of Ryan Island is 72°  3. Point on north side of southwest bay is 248°.  Images of landmarks are shown in Records #2 and 3 under the Pictures tab above.  A benchmark was established and used as a reference point by which to measure lake water level.  Images and description of the benchmark location, including GPS coordinates (47.9900077, 88.8037849), are shown in Records #1, 4 and 5 under the Pictures tab above.",4020300,,,,,48.0037629,-88.7951845,,,,GPS Code (Pseudo Range) Standard Position (SA Off),NAD83,,,,,,,US,26,83,,,,,,,,,STORET
11NPSWRD_WQX,National Park Service Water Resources Division,11NPSWRD_WQX-ISRO_08,ISRO,Lake Desor,Lake,"Location: Station is 2/3 the way to South Desor Campground from North Desor Campground and located between the eastern-most large island in mid-lake and the small island north of South Desor Campground.    A map with additional notes on Station Description is shown in Record #1 under the Pictures tab above.    Initial sampling station was at 47.9745156, 88.9871451 prior to 06/15/2007.  Station was moved to above location prior to 08/08/2007 sampling event.    Landmarks: 1. Southeast end of eastern large island is 246°  2. Small island to the east is 72°  3. North Desor Campground is 315°.  Images of landmarks are shown in Records #2 and 3 under the Pictures tab above.  A benchmark was established and used as a reference point by which to measure lake water level.  Images and description of the benchmark location, including GPS coordinates (47.9812069, 88.9929001), are shown in Records #1, 4 and 5 under the Pictures tab above.",4020300,,,,,47.9731536,-88.9805807,,,,GPS Code (Pseudo Range) Standard Position (SA Off),NAD83,,,,,,,US,26,83,,,,,,,,,STORET
11NPSWRD_WQX,National Park Service Water Resources Division,11NPSWRD_WQX-ISRO_09,ISRO,Feldtmann Lake,Lake,"Location: From campground, the sample station is 5/6 of the way to largest point on the northern shore.    A map with additional notes on Station Description is shown in Record #1 under the Pictures tab above.    Landmarks:  1. Near point on north side is 25°  2. Feldtmann Lake overlook is 95°  3. Southwestern corner of the lake (campground) is 205°.   Images of landmarks are shown in Records #2 and 3 under the Pictures tab above.  A benchmark was established and used as a reference point by which to measure lake water level.  Images and description of the benchmark location, including GPS coordinates (47.8477497, 89.1810778), are shown in Records #1, 4, 5 and 6 under the Pictures tab above.",4020300,,,,,47.8551237,-89.1773746,,,,GPS Code (Pseudo Range) Standard Position (SA Off),NAD83,,,,,,,US,26,83,,,,,,,,,STORET
11NPSWRD_WQX,National Park Service Water Resources Division,11NPSWRD_WQX-ISRO_13,ISRO,Wallace Lake,Lake,,4020300,,,,,48.0572785,-88.6282782,,,,GPS-Unspecified,NAD83,,,,,,,US,26,83,,,,,,,,,STORET
11NPSWRD_WQX,National Park Service Water Resources Division,11NPSWRD_WQX-ISRO_14,ISRO,Epidote Lake,Lake,,4020300,,,,,48.04091013,-88.61413764,,,,GPS Code (Pseudo Range) Standard Position (SA On),NAD83,,,,,,,US,26,83,,,,,,,,,STORET
11NPSWRD_WQX,National Park Service Water Resources Division,11NPSWRD_WQX-ISRO_19,ISRO,Lake Whittlesey,Lake,,4020300,,,,,48.01090652,-88.69094789,,,,GPS Code (Pseudo Range) Standard Position (SA Off),NAD83,,,,,,,US,26,83,,,,,,,,,STORET
11NPSWRD_WQX,National Park Service Water Resources Division,11NPSWRD_WQX-ISRO_20,ISRO,Wood Lake,Lake,,4020300,,,,,48.0052505,-88.74137275,,,,GPS Code (Pseudo Range) Standard Position (SA On),NAD83,,,,,,,US,26,83,,,,,,,,,STORET
11NPSWRD_WQX,National Park Service Water Resources Division,11NPSWRD_WQX-ISRO_21,ISRO,Intermediate Lake,Lake,,4020300,,,,,48.0310142,-88.72842355,,,,GPS Code (Pseudo Range) Standard Position (SA On),NAD83,,,,,,,US,26,83,,,,,,,,,STORET
11NPSWRD_WQX,National Park Service Water Resources Division,11NPSWRD_WQX-ISRO_22,ISRO,Lake LeSage,Lake,,4020300,,,,,48.05798625,-88.70903964,,,,GPS Code (Pseudo Range) Standard Position (SA On),NAD83,,,,,,,US,26,83,,,,,,,,,STORET
11NPSWRD_WQX,National Park Service Water Resources Division,11NPSWRD_WQX-ISRO_24,ISRO,Chickenbone Lake,Lake,,4020300,,,,,48.06755637,-88.71100419,,,,GPS Code (Pseudo Range) Standard Position (SA On),NAD83,,,,,,,US,26,83,,,,,,,,,STORET
11NPSWRD_WQX,National Park Service Water Resources Division,11NPSWRD_WQX-ISRO_30,ISRO,Amygdaloid Lake,Lake,,4020300,,,,,48.14712904,-88.63298586,,,,GPS Code (Pseudo Range) Standard Position (SA On),NAD83,,,,,,,US,26,83,,,,,,,,,STORET
11NPSWRD_WQX,National Park Service Water Resources Division,11NPSWRD_WQX-ISRO_32,ISRO,Hidden Lake,Lake,,4020300,,,,,48.15838829,-88.47423865,,,,GPS Code (Pseudo Range) Standard Position (SA On),NAD83,,,,,,,US,26,83,,,,,,,,,STORET
11NPSWRD_WQX,National Park Service Water Resources Division,11NPSWRD_WQX-PIRO_01,PIRO,Grand Sable Lake,Lake,This station is located in the middle of Grand Sable Lake immediately west of the public boat launch.,4020201,,,,,46.6492,-86.0326,,,,GPS Code (Pseudo Range) Standard Position (SA Off),NAD83,,,,,,,US,26,3,,,,,,,,,STORET
11NPSWRD_WQX,National Park Service Water Resources Division,11NPSWRD_WQX-PIRO_02,PIRO,Trapper's Lake,Lake,,4020201,,,,,46.587293,-86.31504,,,,GPS Code (Pseudo Range) Standard Position (SA Off),NAD83,,,,,,,US,26,3,,,,,,,,,STORET
11NPSWRD_WQX,National Park Service Water Resources Division,11NPSWRD_WQX-PIRO_03,PIRO,Legion Lake,Lake,This station is located in a deep area of Legion Lake near it's southern end.,4060106,,,,,46.5263,-86.361,,,,GPS Code (Pseudo Range) Standard Position (SA Off),NAD83,,,,,,,US,26,3,,,,,,,,,STORET
11NPSWRD_WQX,National Park Service Water Resources Division,11NPSWRD_WQX-PIRO_04,PIRO,Beaver Lake,Lake,This station is located in the middle of Beaver Lake.,4020201,,,,,46.5722,-86.3348,,,,GPS Code (Pseudo Range) Standard Position (SA Off),NAD83,,,,,,,US,26,3,,,,,,,,,STORET
11NPSWRD_WQX,National Park Service Water Resources Division,11NPSWRD_WQX-PIRO_05,PIRO,Little Beaver Lake,Lake,"This station is located at Little Beaver Lake, at a deep area of the lake northeast of the boat launch. Original target location (46.5594, -86.3617) was moved in 2021 to reflect where surveys have generally been done and to the likely z-max.",4020201,,,,,46.55788012,-86.36124225,,,,GPS Code (Pseudo Range) Standard Position (SA Off),NAD83,,,,,,,US,26,3,,,,,,,,,STORET
11NPSWRD_WQX,National Park Service Water Resources Division,11NPSWRD_WQX-PIRO_06,PIRO,Chapel Lake,Lake,"This station is located at southern end of the Chapel Lake, west of the launch site.",4020201,,,,,46.5283,-86.4514,,,,GPS Code (Pseudo Range) Standard Position (SA Off),NAD83,,,,,,,US,26,3,,,,,,,,,STORET
11NPSWRD_WQX,National Park Service Water Resources Division,11NPSWRD_WQX-PIRO_07,PIRO,Little Chapel Lake,Lake,,4020201,,,,,46.54318,-86.4474,,,,GPS-Unspecified,NAD83,,,,,,,US,26,3,,,,,,,,,STORET
11NPSWRD_WQX,National Park Service Water Resources Division,11NPSWRD_WQX-PIRO_08,PIRO,Miners Lake,Lake,This station is located in the middle of Miners Lake.,4020201,,,,,46.4808,-86.5383,,,,GPS Code (Pseudo Range) Standard Position (SA Off),NAD83,,,,,,,US,26,3,,,,,,,,,STORET
11NPSWRD_WQX,National Park Service Water Resources Division,11NPSWRD_WQX-SLBE_01,SLBE,Manitou Lake,Lake,"Sampling site is in the north central portion of the lake, just out from the second point of the eastern shoreline. Target location moved in 2021 to reflect actual survey area and likely z-max. Original location was 45.1259, -86.02469518 but surveys were generally not done in this area.",4060104,,,,,45.12937172,-86.02233939,,,,GPS Code (Pseudo Range) Standard Position (SA Off),WGS84,,,,,,,US,26,89,,,,,,,,,STORET
11NPSWRD_WQX,National Park Service Water Resources Division,11NPSWRD_WQX-SLBE_02,SLBE,Florence Lake,Lake,"Sampling site is in the middle of the lake, slightly North of the boat launch. Go straight out from the boat launch and head North approximately 10 to 20 meters.",4060104,,,,,45.01069,-86.1202991,,,,GPS Code (Pseudo Range) Standard Position (SA Off),WGS84,,,,,,,US,26,89,,,,,,,,,STORET
11NPSWRD_WQX,National Park Service Water Resources Division,11NPSWRD_WQX-SLBE_03,SLBE,Narada Lake,Lake,"This station is located in the northern end of the park, about 1 1/2 miles east of Port Oneida, and 1/2 mile due south of Shell Lake.",4060104,,,,,44.9360581,-85.90557924,,,,GPS Code (Pseudo Range) Standard Position (SA Off),NAD83,,,,,,,US,26,89,,,,,,,,,STORET
11NPSWRD_WQX,National Park Service Water Resources Division,11NPSWRD_WQX-SLBE_04,SLBE,Shell Lake,Lake,"Sampling site is straight out and slightly left of the boat launch, toward middle of lake. Target location moved in 2021 to reflect actual survey area and likely z-max. Original site was at 44.9476, -85.90044143 but surveys were never done at this location.",4060104,,,,,44.94769385,-85.89942562,,,,GPS Code (Pseudo Range) Standard Position (SA Off),WGS84,,,,,,,US,26,89,,,,,,,,,STORET
11NPSWRD_WQX,National Park Service Water Resources Division,11NPSWRD_WQX-SLBE_05,SLBE,Bass Lake,Lake,Sampling site is toward the middle of the south eastern portion of the lake.,4060104,,,,,44.92221,-85.88327555,,,,GPS Code (Pseudo Range) Standard Position (SA Off),WGS84,,,,,,,US,26,89,,,,,,,,,STORET
11NPSWRD_WQX,National Park Service Water Resources Division,11NPSWRD_WQX-SLBE_07,SLBE,Otter Lake,Lake,Sampling site is approximately 100 meters straight out from the boat launch. Directly across from a cabin. Sampling site should make a 90 degree angle (approximately) with boat launch and cottage.,4060104,,,,,44.73989,-86.06052867,,,,GPS Code (Pseudo Range) Standard Position (SA Off),WGS84,,,,,,,US,26,19,,,,,,,,,STORET
11NPSWRD_WQX,National Park Service Water Resources Division,11NPSWRD_WQX-SLBE_08,SLBE,Tucker Lake,Lake,Sampling site is straight out toward the middle of the lake and slightly left of the boat launch.,4060104,,,,,44.9042,-85.95320947,,,,GPS Code (Pseudo Range) Standard Position (SA Off),WGS84,,,,,,,US,26,89,,,,,,,,,STORET
11NPSWRD_WQX,National Park Service Water Resources Division,11NPSWRD_WQX-SLBE_09,SLBE,North Bar,Lake,"Sampling site is straight out from boat launch, close to the beach on the opposite side of the lake. Target location moved in 2021 to reflect actual survey area and likely z-max. Original site was at 44.84354, -86.066608325 but this location may have been a typo as it was nearly on the beach.",4060104,,,,,44.84339382,-86.06594641,,,,GPS Code (Pseudo Range) Standard Position (SA Off),NAD83,,,,,,,US,26,89,,,,,,,,,STORET
11NPSWRD_WQX,National Park Service Water Resources Division,11NPSWRD_WQX-SLBE_10,SLBE,Loon Lake,Lake,Sampling site is southwest of the boat launch. Go southwest toward the middle of the lake. Station is straight out from the only cabin and boat dock on Loon Lake.,4060104,,,,,44.70747,-86.12925073,,,,GPS Code (Pseudo Range) Standard Position (SA Off),WGS84,,,,,,,US,26,19,,,,,,,,,STORET
11NPSWRD_WQX,National Park Service Water Resources Division,11NPSWRD_WQX-SLBE_11,SLBE,Round Lake,Lake,"Sampling site is toward the middle of the lake, slightly left of the boat launch.",4060104,,,,,44.69306,-86.18465829,,,,GPS Code (Pseudo Range) Standard Position (SA Off),NAD83,,,,,,,US,26,19,,,,,,,,,STORET
11NPSWRD_WQX,National Park Service Water Resources Division,11NPSWRD_WQX-VOYA_01,VOYA,Locator Lake,Lake,"Station:  Located in the center of lake, north of long bay to the south.  A map with additional notes on Station Description is shown in Record #4 under the Pictures tab above.  Landmarks: 1. Middle of long bay to south is 210°, 2. Exposed rock on north side of lake is 30°, 3. Point towards canoe landing is 260°.  Images of landmark locations are shown in Record #'s 1 and 2 under the Pictures tab above.  Benchmark:  A benchmark was established and used as a reference point by which to measure lake water level.  A complete description of the benchmark location, including GPS coordinates (UTM NAD83 Zone 15N - 5376287.68 N, 499150.62 E) is shown in Record #'s 3 and 4 under the Pictures tab above.",9030003,,,,,48.54091482,-93.0038694,,,,GPS Code (Pseudo Range) Standard Position (SA Off),NAD83,,,,,,,US,27,137,,,,,,,,,STORET
11NPSWRD_WQX,National Park Service Water Resources Division,11NPSWRD_WQX-VOYA_02,VOYA,War Club Lake,Lake,"Station:  A map with additional notes on Station Description is shown in Record #1 under the Pictures tab above.  Landmarks: 1. The entrance of the lake to the west 270 deg., 2. Nearest point with bedrock 290 deg., 3. Exposed rock face on south side of lake 240 deg.  Complete descriptions of landmark locations are shown in Record #'s 2 and 3 under the Pictures tab above.  Benchmark:  A benchmark was established and used as a reference point by which to measure lake water level.  A complete description of the benchmark location, including GPS coordinates (UTM NAD83 Zone 15N - 5376130.15 N, 500889.83 E) is shown in Record #'s 4 and 5 under the Pictures tab above.",9030003,,,,,48.53761834,-92.98383272,,,,GPS Code (Pseudo Range) Standard Position (SA Off),NAD83,,,,,,,US,27,137,,,,,,,,,STORET
11NPSWRD_WQX,National Park Service Water Resources Division,11NPSWRD_WQX-VOYA_03,VOYA,Quill Lake,Lake,"Station:  The station is off the island; the depth was not as deep as indicated on DNR Map.  A map with additional notes on Station Description is shown in Record #1 under the Pictures tab above.  Landmarks:  1. Bay 50 deg., 2. East end of lake 100 deg., 3. Bay with wetland vegetation 250 deg. Complete descriptions of landmark locations are shown in Record #'s 2 and 3 under the Pictures tab above.  Benchmark:  A benchmark was established and used as a reference point by which to measure lake water level.  A complete description of the benchmark location, including GPS coordinates (UTM NAD83 Zone 15N - 5375539 N, 5203210 E) is shown in Record #4 under the Pictures tab above.",9030003,,,,,48.53244411,-92.95327086,,,,GPS Code (Pseudo Range) Standard Position (SA Off),NAD83,,,,,,,US,27,137,,,,,,,,,STORET
11NPSWRD_WQX,National Park Service Water Resources Division,11NPSWRD_WQX-VOYA_04,VOYA,Loiten Lake,Lake,"Station:  A map with additional notes on Station Description is shown in Record #1 under the Pictures tab above.  Landmarks:  1. Small bay with wetland vegetation 48 deg., 2. Rock face 308 deg., 3. point 110 deg.  Complete descriptions of landmark locations are shown in Record #'s 2 and 3 under the Pictures tab above.  Benchmark:  A benchmark was established and used as a reference point by which to measure lake water level.  A complete description of the benchmark location, including GPS coordinates (UTM NAD83 Zone 15N - 5375047 N, 505215 E) is shown in Record #'s 4 and 5 under the Pictures tab above.",9030003,,,,,48.5275273,-92.92865283,,,,GPS Code (Pseudo Range) Standard Position (SA Off),NAD83,,,,,,,US,27,137,,,,,,,,,STORET
11NPSWRD_WQX,National Park Service Water Resources Division,11NPSWRD_WQX-VOYA_05,VOYA,Shoepack Lake,Lake,"Station:  Sample site is in the southern arm of lake, between portage/sedge meadow and island.  Water is not as deep as recorded on DNR map.  A map with additional notes on Station Description is shown in Record #1 under the Pictures tab above.  Landmarks:  1. Rock face at 154°, 2. Rocks at 304°, 3. White rock point at 350°.  Images of landmark locations are shown in Record #'s 2 and 3 under the Pictures tab above.  Benchmark:  A benchmark was established and used as a reference point by which to measure lake water level.  A complete description of the benchmark location, including GPS coordinates (UTM NAD83 Zone 15N - 5371213.28 N, 508313.58 E) is shown in Record #'s 1, 4 and 5 under the Pictures tab above.",9030003,,,,,48.49837683,-92.88758918,,,,GPS Code (Pseudo Range) Standard Position (SA Off),NAD83,,,,,,,US,27,137,,,,,,,,,STORET
11NPSWRD_WQX,National Park Service Water Resources Division,11NPSWRD_WQX-VOYA_06,VOYA,Little Shoepack Lake,Lake,"Station:  A map with additional notes on Station Description is shown in Record #1 under the Pictures tab above.  Landmarks:  1. One small rock at 110 deg. of the island,  2. The large rounded rock at end of lake at 306 deg. Complete descriptions of landmark locations are shown in Record #'s 2 and 3 under the Pictures tab above.  Benchmark:  A benchmark was established and used as a reference point by which to measure lake water level.  A complete description of the benchmark location, including GPS coordinates (UTM NAD83 Zone 15N - 5370472 N, 509595 E) is shown in Record #4 under the Pictures tab above.",9030003,,,,,48.49006724,-92.88129246,,,,GPS Code (Pseudo Range) Standard Position (SA Off),NAD83,,,,,,,US,27,137,,,,,,,,,STORET
11NPSWRD_WQX,National Park Service Water Resources Division,11NPSWRD_WQX-VOYA_07,VOYA,Jorgens Lake,Lake,"Station:  Located in the middle of the lake northeast of campsite.  A map with additional notes on Station Description is shown in Record #1 under the Pictures tab above.  Landmarks:  1. North Rock at 0 deg., 2. Campsite 210 deg., 3. South rock 180 deg.  Complete descriptions of landmark locations are shown in Record #2 under the Pictures tab above.  Benchmarks:  A benchmark was established and used as a reference point by which to measure lake water level.  A complete description of the benchmark location, including GPS coordinates (UTM NAD83 Zone 15N - 5369999 N, 511024 E) is shown in Record #3 under the Pictures tab above.",9030001,,,,,48.48404024,-92.847975,,,,GPS Code (Pseudo Range) Standard Position (SA Off),NAD83,,,,,,,US,27,137,,,,,,,,,STORET
11NPSWRD_WQX,National Park Service Water Resources Division,11NPSWRD_WQX-VOYA_08,VOYA,Quarter Line Lake,Lake,"Station:  The site is in the middle of the lake.  A map with additional notes on Station Description is shown in Record #1 under the Pictures tab above.  Landmarks:  1. To bedrock point to the NW, site is 320 deg., 2. To the point of spruce to the south, site is 150 deg., 3. To campsite is 260 deg.  Photos of landmarks not currently available.  Benchmarks:  A benchmark was established and used as a reference point by which to measure lake water level.  A complete description of the benchmark location, including GPS coordinates (UTM NAD83 Zone 15N - 5396242 N, 511183 E) is shown in Record #'s 2 and 3 under the Pictures tab above.",9030001,,,,,48.47683446,-92.84521021,,,,GPS Code (Pseudo Range) Standard Position (SA Off),NAD83,,,,,,,US,27,137,,,,,,,,,STORET
11NPSWRD_WQX,National Park Service Water Resources Division,11NPSWRD_WQX-VOYA_09,VOYA,Ek Lake,Lake,"Station:  Sample site is basically in center of lake.  A map with additional notes on Station Description is shown in Record #1 under the Pictures tab above.  Landmarks:  1. Canoe landing is 125°, 2. Rock island is 250°, 3. Point across from white rock is 320°.  Images of landmark locations are shown in Record #'s 2 and 3 under the Pictures tab above.  Benchmark:  A benchmark was established and used as a reference point by which to measure lake water level.  A complete description of the benchmark location, including GPS coordinates (UTM NAD83 Zone 15N - 5368438 N, 511999 E) is shown in Record #'s 1, 4 and 5 under the Pictures tab above.",9030001,,,,,48.47005256,-92.83550273,,,,GPS Code (Pseudo Range) Standard Position (SA Off),NAD83,,,,,,,US,27,137,,,,,,,,,STORET
11NPSWRD_WQX,National Park Service Water Resources Division,11NPSWRD_WQX-VOYA_10,VOYA,Agnes Lake,Lake,"Station:  The site is in the middle of the lake.  A map with additional notes on Station Description is shown in Record #1 under the Pictures tab above.  Landmarks:  1. From point with lighter colored rock, site is 235 deg., 2. From tall Gray bedrock point in marsh, site is 340deg., 3. From point in center of outlet, site is 85 deg.  Photos of landmarks not currently available.  Benchmarks:  A benchmark was established and used as a reference point by which to measure lake water level.  A complete description of the benchmark location, including GPS coordinates (UTM NAD83 Zone 15N - 5368392 N, 513742 E) is shown in Record #2 under the Pictures tab above.",9030001,,,,,48.46774893,-92.81157594,,,,GPS Code (Pseudo Range) Standard Position (SA Off),NAD83,,,,,,,US,27,137,,,,,,,,,STORET
11NPSWRD_WQX,National Park Service Water Resources Division,11NPSWRD_WQX-VOYA_11,VOYA,Oslo Lake,Lake,"Station:  The site is in the middle of the eastern half of the lake.  A map with additional notes on Station Description is shown in Record #1 under the Pictures tab above.  Landmarks:  1. Rock on North side of lake 0 deg., 2. Point on West side of Lake ( Large Pine Growth) 270 deg., 3. Rock outcrop on south shore 200 deg.  Complete descriptions of landmark locations are shown in Record #'s 2 and 3 under the Pictures tab above.  Benchmarks:  A benchmark was established and used as a reference point by which to measure lake water level.  A complete description of the benchmark location, including GPS coordinates (UTM NAD83 Zone 15N - 5373924 N, 514520 E) is shown in Record #'s 4 and 5 under the Pictures tab above.",9030003,,,,,48.51684745,-92.80659088,,,,GPS Code (Pseudo Range) Standard Position (SA Off),NAD83,,,,,,,US,27,137,,,,,,,,,STORET
11NPSWRD_WQX,National Park Service Water Resources Division,11NPSWRD_WQX-VOYA_12,VOYA,Brown Lake,Lake,"Station:  Sample site is in southern half of the northwestern section of lake; northeast of southwestern bay with sedge meadow and beaver lodge.  A map with additional notes on Station Description is shown in Record #1 under the Pictures tab above.  Landmarks:  1. Canoe landing on NW shore 340°, 2. Point south of Sample Site 180°, 3. Point on north side of bay to the west 300°.  Images of landmark locations are shown in Record #'s 2 and 3 under the Pictures tab above.  Benchmark:  A benchmark was established and used as a reference point by which to measure lake water level.  A complete description of the benchmark location, including GPS coordinates (UTM NAD83 Zone 15N - 5374152 N, 514820 E) is shown in Record #'s 1, 4 and 5 under the Pictures tab above.",9030003,,,,,48.51635071,-92.79640501,,,,GPS Code (Pseudo Range) Standard Position (SA Off),NAD83,,,,,,,US,27,137,,,,,,,,,STORET
11NPSWRD_WQX,National Park Service Water Resources Division,11NPSWRD_WQX-VOYA_13,VOYA,Fishmouth Lake,Lake,"Station:  Sample site is in the middle of the lake.  A map with additional notes on Station Description is shown in Record #1 under the Pictures tab above.  Landmarks:  Landmarks were noted at 330 deg., 260 deg., and 160 deg. But were not described or photographed.  See Record #1 under the Pictures tab for location of landmarks.  Photos of landmarks not currently available.  Benchmark:  A benchmark was established and used as a reference point by which to measure lake water level.  GPS coordinates for the benchmark are 5375092 N, 516372 E (UTM NAD83 Zone 15N).  Photos of benchmark not currently available.  See Travel Directions below for directions to benchmark.",9030003,,,,,48.52772782,-92.78154571,,,,GPS Code (Pseudo Range) Standard Position (SA Off),NAD83,,,,,,,US,27,137,,,,,,,,,STORET
11NPSWRD_WQX,National Park Service Water Resources Division,11NPSWRD_WQX-VOYA_14,VOYA,Peary Lake,Lake,"Station:  Sample site is in hole directly south of island, between island and south shore.  A map with additional notes on Station Description is shown in Record #1 under the Pictures tab above.  Landmarks:  1. Large rock point at 38°, 2. Rock island at 95°, 3. Low-lying rock point at 180°.  Images of landmark locations are shown in Record #'s 2 and 3 under the Pictures tab above.  Benchmark:  A benchmark was established and used as a reference point by which to measure lake water level.  A complete description of the benchmark location, including GPS coordinates (UTM NAD83 Zone 15N - 5374943.47 N, 517228.02 E) is shown in Record #1,4 and 5 under the Pictures tab above.",9030003,,,,,48.52479679,-92.77154631,,,,GPS Code (Pseudo Range) Standard Position (SA Off),NAD83,,,,,,,US,27,137,,,,,,,,,STORET
11NPSWRD_WQX,National Park Service Water Resources Division,11NPSWRD_WQX-VOYA_15,VOYA,Beast Lake,Lake,"Station:  Sample site is in in the middle of the lake, east of the easternmost island.  A map with additional notes on Station Description is shown in Record #1 under the Pictures tab above.  Landmarks:  1. Bright white rock 149 deg., 2. Point on side of west island 294 deg., 3. South shore southeast of big island; tallest bald rock 220 deg.  Complete descriptions of landmark locations are shown in Record #'s 2 and 3 under the Pictures tab above.  Benchmark:  A benchmark was established and used as a reference point by which to measure lake water level.  A complete description of the benchmark location, including GPS coordinates (UTM NAD83 Zone 15N - 5372675.12 N, 517833.56 E) is shown in Record #'s 4 and 5 under the Pictures tab above.",9030001,,,,,48.50823074,-92.75953903,,,,GPS Code (Pseudo Range) Standard Position (SA Off),NAD83,,,,,,,US,27,137,,,,,,,,,STORET
11NPSWRD_WQX,National Park Service Water Resources Division,11NPSWRD_WQX-VOYA_16,VOYA,Cruiser Lake,Lake,"Station:  Sample site is in the middle of the western quarter of the lake.  A map with additional notes on Station Description is shown in Record #1 under the Pictures tab above. Original target station (48.4995075172407, -92.8120076500034) was moved in 2021 based on actual survey locations and known z-max based on the bathymetric map.  Landmarks:  1. Large single rock (bathy map indicates 0' water depth) at  110°, 2. Point with rocks, east of small northern bay at 60°, 3. Large rock point, south side of small western bay at 305°.  Images of landmark locations are shown in Record #'s 2 and 3 under the Pictures tab above.  Benchmark:  A benchmark was established and used as a reference point by which to measure lake water level.  A complete description of the benchmark location, including GPS coordinates (UTM NAD83 Zone 15N - 5371808.33 N, 514602.35 E) is shown in Record #'s 1, 4 and 5 under the Pictures tab above.",9030001,,,,,48.49888953,-92.8131399,,,,GPS Code (Pseudo Range) Standard Position (SA Off),NAD83,,,,,,,US,27,137,,,,,,,,,STORET
11NPSWRD_WQX,National Park Service Water Resources Division,11NPSWRD_WQX-VOYA_17,VOYA,Ryan Lake,Lake,"Station:  Sample site is between campground and point on western shore and located in the western third of this area.  A map with additional notes on Station Description is shown in Record #1 under the Pictures tab above.  Landmarks:  1. Campsite at 134°, 2. Southwest point at 194°, 3. East northeast point at 46°.  Images of landmark locations are shown in Record #'s 2 and 3 under the Pictures tab above.  Benchmark:  A benchmark was established and used as a reference point by which to measure lake water level.  A complete description of the benchmark location, including GPS coordinates (UTM NAD83 Zone 15N - 5374046.18 N, 521711.67 E) is shown in Record #1, 4 and 5 under the Pictures tab above.",9030003,,,,,48.51881597,-92.70735632,,,,GPS Code (Pseudo Range) Standard Position (SA Off),NAD83,,,,,,,US,27,137,,,,,,,,,STORET
11NPSWRD_WQX,National Park Service Water Resources Division,11NPSWRD_WQX-VOYA_18,VOYA,Net Lake,Lake,"Station:  Sample site is at the south end of the lake in the middle of the large pool.  A map with additional notes on Station Description is shown in Record #1 under the Pictures tab above.  Landmarks:  1. Left rock of bunch 35 deg., 2. Flat rock face 80 deg., 3. Middle of long rock w/watermark 270 deg.  Complete descriptions of landmark locations are shown in Record #'s 2 and 3 under the Pictures tab above.  Benchmark:  A benchmark was established and used as a reference point by which to measure lake water level.  A complete description of the benchmark location, including GPS coordinates (UTM NAD83 Zone 15N - 5361081 N, 524621 E) is shown in Record # 4 under the Pictures tab above.",9030001,,,,,48.39550795,-92.65660492,,,,GPS Code (Pseudo Range) Standard Position (SA Off),NAD83,,,,,,,US,27,137,,,,,,,,,STORET
11NPSWRD_WQX,National Park Service Water Resources Division,11NPSWRD_WQX-VOYA_19,VOYA,Tooth Lake,Lake,"Station:  Sample site is near the middle of the lake.  A map with additional notes on Station Description is shown in Record #1 under the Pictures tab above.  Landmarks:  1. Rock across from little bay 103 deg., 2. Directly off point 135 deg., 3. Rocks off meadow/clearing where canoe is stored 300 deg.  Complete descriptions of landmark locations are shown in Record #'s 2 and 3 under the Pictures tab above.  Benchmark:  A benchmark was established and used as a reference point by which to measure lake water level.  A complete description of the benchmark location, including GPS coordinates (UTM NAD83 Zone 15N - 5360734 N, 526194 E) is shown in Record # 4 under the Pictures tab above.",9030001,,,,,48.39856671,-92.64328298,,,,GPS Code (Pseudo Range) Standard Position (SA Off),NAD83,,,,,,,US,27,137,,,,,,,,,STORET
11NPSWRD_WQX,National Park Service Water Resources Division,11NPSWRD_WQX-VOYA_20,VOYA,O'Leary Lake,Lake,"Station:  A map with additional notes on Station Description is shown in Record #1 under the Pictures tab above.  Landmarks:  1. North end of rock face jus south of lake outlet 8 deg., 2. Middle of rock in NW part of the lake 288 deg., 3. Rock face on west side of lake 192 deg.  Complete descriptions of landmark locations are shown in Record #'s 2 and 3 under the Pictures tab above.  Benchmark:  A benchmark was established and used as a reference point by which to measure lake water level.  A complete description of the benchmark location, including GPS coordinates (UTM NAD83 Zone 15N - 5362816.39 N, 534882.00 E) is shown in Record # 4 under the Pictures tab above.",9030001,,,,,48.41597226,-92.53250602,,,,GPS Code (Pseudo Range) Standard Position (SA Off),NAD83,,,,,,,US,27,137,,,,,,,,,STORET
11NPSWRD_WQX,National Park Service Water Resources Division,11NPSWRD_WQX-VOYA_21,VOYA,Little Trout Lake,Lake,"Station:  Sample site is between largest point on northwest shore and the cabin; it is one-quarter of the way from the point and three-quarters from the cabin.  A map with additional notes on Station Description is shown in Record #1 under the Pictures tab above.  Landmarks:  1. Point at 265°, 2. Landing at 225°, 3. Slanted rock to the north of big whale rock and cabin at 56°.  Images of landmark locations are shown in Records #2 and 3 under the Pictures tab above.  Benchmark:  A benchmark was established and used as a reference point by which to measure lake water level.  A complete description of the benchmark location, including GPS coordinates (UTM NAD83 Zone 15N - 5360098.97 N, 534810.68 E) is shown in Records #1, 4 and 5 under the Pictures tab above.",9030001,,,,,48.39794469,-92.5252564,,,,GPS Code (Pseudo Range) Standard Position (SA Off),NAD83,,,,,,,US,27,137,,,,,,,,,STORET
11NPSWRD_WQX,National Park Service Water Resources Division,11NPSWRD_WQX-VOYA_22,VOYA,Mukooda Lake,Lake,"Station:  Site is in the middle of the lake.  A map with additional notes on Station Description is shown in Record #1 under the Pictures tab above.  Landmarks:  1. Cairn on west side of lake 230 deg., 2. Rock at 265 deg., 3. Rock face 354 deg. Complete descriptions of landmark locations are shown in Record #'s 2 and 3 under the Pictures tab above.  Benchmark:  A benchmark was established and used as a reference point by which to measure lake water level.  A complete description of the benchmark location, including GPS coordinates (UTM NAD83 Zone 15N - 5353653.85 N, 538644.81 E) is shown in Record # 4 under the Pictures tab above.",9030001,,,,,48.33403847,-92.48668335,,,,GPS Code (Pseudo Range) Standard Position (SA Off),NAD83,,,,,,,US,27,137,,,,,,,,,STORET
11NPSWRD_WQX,National Park Service Water Resources Division,11NPSWRD_WQX-VOYA_23,VOYA,Lucille Lake,Lake,,9030001,,,,,48.37846,-92.58403316,,,,GPS Code (Pseudo Range) Standard Position (SA Off),NAD83,,,,,,,US,27,137,,,,,,,,,STORET
11NPSWRD_WQX,National Park Service Water Resources Division,11NPSWRD_WQX-VOYA_24,VOYA,McDivitt Lake,Lake,,9030003,,,,,48.51402,-92.74048441,,,,GPS Code (Pseudo Range) Standard Position (SA Off),NAD83,,,,,,,US,27,137,,,,,,,,,STORET
11NPSWRD_WQX,National Park Service Water Resources Division,11NPSWRD_WQX-VOYA_25,VOYA,Weir Lake,Lake,,9030001,,,,,48.49696,-92.74482188,,,,GPS Code (Pseudo Range) Standard Position (SA Off),NAD83,,,,,,,US,27,137,,,,,,,,,STORET
11NPSWRD_WQX,National Park Service Water Resources Division,11NPSWRD_WQX-SACN_NAKA_84.6,SACN,Leonards,RiverStream,,,,,,,46.17112929,-91.33019707,,,,,NAD83,,,,,,,,,,,,,,,,,,
11NPSWRD_WQX,National Park Service Water Resources Division,11NPSWRD_WQX-SACN_NAKA_41.3,SACN,Earl,RiverStream,,,,,,,45.91588113,-91.76418,,,,,NAD83,,,,,,,,,,,,,,,,,,
11NPSWRD_WQX,National Park Service Water Resources Division,11NPSWRD_WQX-SACN_NAKA_4.8,SACN,Nam Tr.,RiverStream,,,,,,,46.08369,-92.11379,,,,,NAD83,,,,,,,,,,,,,,,,,,
11NPSWRD_WQX,National Park Service Water Resources Division,11NPSWRD_WQX-SACN_STCR_138.9,SACN,CCC,RiverStream,,,,,,,46.11655,-92.13181,,,,,NAD83,,,,,,,,,,,,,,,,,,
11NPSWRD_WQX,National Park Service Water Resources Division,11NPSWRD_WQX-SACN_STCR_104.0,SACN,Norway Pt.,RiverStream,,,,,,,45.92586098,-92.63865,,,,,NAD83,,,,,,,,,,,,,,,,,,
11NPSWRD_WQX,National Park Service Water Resources Division,11NPSWRD_WQX-SACN_STCR_89.7,SACN,Hwy 70,RiverStream,,,,,,,45.77404,-92.78062,,,,,NAD83,,,,,,,,,,,,,,,,,,
11NPSWRD_WQX,National Park Service Water Resources Division,11NPSWRD_WQX-SACN_STCR_63.8,SACN,Nevers,RiverStream,,,,,,,45.55576,-92.75213,,,,,NAD83,,,,,,,,,,,,,,,,,,
11NPSWRD_WQX,National Park Service Water Resources Division,11NPSWRD_WQX-SACN_STCR_43.7,SACN,Osceola,RiverStream,,,,,,,45.30257256,-92.73470132,,,,,NAD83,,,,,,,,,,,,,,,,,,
11NPSWRD_WQX,National Park Service Water Resources Division,11NPSWRD_WQX-SACN_STCR_20.0,SACN,Bayport,Lake,,,,,,,45.01838386,-92.76500353,,,,,NAD83,,,,,,,,,,,,,,,,,,
11NPSWRD_WQX,National Park Service Water Resources Division,11NPSWRD_WQX-SACN_STCR_15.8,SACN,Hudson,Lake,,,,,,,44.95902658,-92.76014336,,,,,NAD83,,,,,,,,,,,,,,,,,,
11NPSWRD_WQX,National Park Service Water Resources Division,11NPSWRD_WQX-SACN_STCR_2.0,SACN,Prescott,Lake,,,,,,,44.76971626,-92.80502745,,,,,NAD83,,,,,,,,,,,,,,,,,,
